{
  "Mastering Decision-Making & Mental Agility": {
    "partition": "Practical",
    "nodes": [
      {
        "id": "Recognizing Cognitive Biases",
        "data": {
          "label": "Recognizing Cognitive Biases",
          "level": "Level 1",
          "subskills": [
            "Identify common biases such as confirmation bias, anchoring, and the availability heuristic",
            "Understand how these biases distort perception and decision-making",
            "Reflect on past decisions to spot recurring biased patterns",
            "Analyze the influence of emotions on cognitive biases",
            "Learn strategies to counteract biases in daily choices",
            "Practice mindfulness to detect when biases occur",
            "Differentiate between a cognitive bias and a factual error",
            "Examine how group dynamics can reinforce certain biases",
            "Utilize critical thinking to challenge and overcome assumptions",
            "Apply debiasing techniques in real-life scenarios"
          ]
        }
      },
      {
        "id": "Understanding How Your Brain Makes Decisions",
        "data": {
          "label": "Understanding How Your Brain Makes Decisions",
          "level": "Level 1",
          "subskills": [
            "Study the basics of neuroeconomics and decision science",
            "Understand the roles of the prefrontal cortex and limbic system in decision-making",
            "Examine how emotion and logic interact during the decision process",
            "Learn about dual-process theories (System 1 vs. System 2)",
            "Investigate how stress and fatigue impact cognitive processing",
            "Explore the influence of neurotransmitters like dopamine in reward systems",
            "Recognize decision fatigue and its effects on performance",
            "Understand cognitive load and its role in complex choices",
            "Practice mindfulness techniques to observe your own thought processes"
          ]
        }
      },
      {
        "id": "Strengthening Attention Span",
        "data": {
          "label": "Strengthening Attention Span",
          "level": "Level 1",
          "subskills": [
            "Practice mindfulness meditation and focused breathing exercises",
            "Engage in activities that require sustained attention such as puzzles or memory games",
            "Develop strategies to minimize digital and environmental distractions",
            "Implement time-blocking techniques to enhance productivity",
            "Set clear, short-term goals to guide concentration efforts",
            "Monitor progress using attention-tracking tools or journals",
            "Use cognitive training apps designed to boost focus",
            "Incorporate regular breaks to avoid mental fatigue",
            "Adopt a balanced lifestyle with proper sleep, nutrition, and exercise to support cognitive function"
          ]
        }
      },
      {
        "id": "Improving Logical Reasoning",
        "data": {
          "label": "Improving Logical Reasoning",
          "level": "Level 2",
          "subskills": [
            "Study formal logic principles and argument structures",
            "Practice solving puzzles and brain teasers",
            "Learn deductive and inductive reasoning techniques",
            "Analyze arguments for fallacies and inconsistencies",
            "Engage in exercises that challenge assumptions",
            "Utilize analytical tools to break down complex problems",
            "Reflect on your reasoning process to refine thought patterns"
          ]
        }
      },
      {
        "id": "Pattern Recognition & Thinking in Systems",
        "data": {
          "label": "Pattern Recognition & Thinking in Systems",
          "level": "Level 2",
          "subskills": [
            "Identify recurring patterns in data or behavior",
            "Understand systems theory and interconnectedness",
            "Analyze trends over time in various contexts",
            "Use visualization techniques to map complex relationships",
            "Practice decomposing complex systems into simpler components",
            "Explore cause and effect within feedback loops",
            "Apply systems thinking to real-world scenarios"
          ]
        }
      },
      {
        "id": "Mental Multitasking & Information Prioritization",
        "data": {
          "label": "Mental Multitasking & Information Prioritization",
          "level": "Level 2",
          "subskills": [
            "Learn techniques for juggling multiple tasks efficiently",
            "Practice categorizing tasks based on urgency and importance",
            "Develop methods to filter irrelevant information",
            "Implement time management strategies to allocate mental resources",
            "Use tools like checklists and calendars to organize tasks",
            "Prioritize tasks by aligning them with both short-term and long-term goals",
            "Evaluate performance and adjust strategies as needed"
          ]
        }
      },
      {
        "id": "Strategic Decision-Making Under Pressure",
        "data": {
          "label": "Strategic Decision-Making Under Pressure",
          "level": "Level 3",
          "subskills": [
            "Learn techniques for staying calm under stress",
            "Practice scenario planning for high-pressure situations",
            "Evaluate risks and rewards quickly",
            "Develop contingency plans in real time",
            "Use decision matrices to compare complex options",
            "Trust your intuition while balancing analytical insights",
            "Engage in simulation exercises to build stress resilience"
          ]
        }
      },
      {
        "id": "Weighing Complex Trade-Offs",
        "data": {
          "label": "Weighing Complex Trade-Offs",
          "level": "Level 3",
          "subskills": [
            "Identify key factors influencing decision outcomes",
            "Balance short-term gains with long-term impacts",
            "Analyze opportunity costs for different options",
            "Use multi-criteria decision analysis tools",
            "Discuss trade-offs with peers to gather diverse perspectives",
            "Reflect on past decisions to understand trade-off implications",
            "Revisit decisions when new information emerges"
          ]
        }
      },
      {
        "id": "Managing High-Risk Situations",
        "data": {
          "label": "Managing High-Risk Situations",
          "level": "Level 3",
          "subskills": [
            "Assess risk factors and potential consequences",
            "Develop emergency response plans",
            "Practice risk mitigation strategies",
            "Rely on both data and intuition for risk evaluation",
            "Communicate clearly in uncertain situations",
            "Learn from near-misses to improve future decisions",
            "Balance risk-taking with precautionary measures"
          ]
        }
      },
      {
        "id": "Crisis Management & Conflict Resolution",
        "data": {
          "label": "Crisis Management & Conflict Resolution",
          "level": "Level 4",
          "subskills": [
            "Develop clear communication strategies during crises",
            "Learn negotiation techniques for resolving conflicts",
            "Practice de-escalation tactics in high-tension scenarios",
            "Analyze past crises to extract lessons learned",
            "Build a framework for swift decision-making under duress",
            "Identify key stakeholders and manage expectations",
            "Establish protocols for effective conflict resolution"
          ]
        }
      },
      {
        "id": "Influencing Outcomes Without Direct Control",
        "data": {
          "label": "Influencing Outcomes Without Direct Control",
          "level": "Level 4",
          "subskills": [
            "Master the art of persuasion through empathy and logic",
            "Leverage social influence and strategic networking",
            "Understand underlying power dynamics in various settings",
            "Develop negotiation tactics that encourage collaboration",
            "Utilize subtle cues and body language to guide decisions",
            "Build alliances and strategic partnerships",
            "Identify indirect pathways to achieve desired results"
          ]
        }
      },
      {
        "id": "Advanced Persuasion & Negotiation",
        "data": {
          "label": "Advanced Persuasion & Negotiation",
          "level": "Level 4",
          "subskills": [
            "Study advanced negotiation frameworks and strategies",
            "Understand psychological triggers that drive persuasion",
            "Practice active listening to tailor persuasive arguments",
            "Learn to manage objections and overcome resistance effectively",
            "Develop skills in framing and reframing arguments",
            "Engage in role-playing exercises to refine negotiation tactics",
            "Analyze successful negotiations to identify common themes"
          ]
        }
      }
    ],
    "edges": [
      {
        "id": "e1",
        "source": "Recognizing Cognitive Biases",
        "target": "Understanding How Your Brain Makes Decisions"
      },
      {
        "id": "e2",
        "source": "Recognizing Cognitive Biases",
        "target": "Improving Logical Reasoning"
      },
      {
        "id": "e3",
        "source": "Understanding How Your Brain Makes Decisions",
        "target": "Strengthening Attention Span"
      },
      {
        "id": "e4",
        "source": "Understanding How Your Brain Makes Decisions",
        "target": "Pattern Recognition & Thinking in Systems"
      },
      {
        "id": "e5",
        "source": "Strengthening Attention Span",
        "target": "Improving Logical Reasoning"
      },
      {
        "id": "e6",
        "source": "Improving Logical Reasoning",
        "target": "Pattern Recognition & Thinking in Systems"
      },
      {
        "id": "e7",
        "source": "Pattern Recognition & Thinking in Systems",
        "target": "Mental Multitasking & Information Prioritization"
      },
      {
        "id": "e8",
        "source": "Strengthening Attention Span",
        "target": "Mental Multitasking & Information Prioritization"
      },
      {
        "id": "e9",
        "source": "Mental Multitasking & Information Prioritization",
        "target": "Strategic Decision-Making Under Pressure"
      },
      {
        "id": "e10",
        "source": "Pattern Recognition & Thinking in Systems",
        "target": "Strategic Decision-Making Under Pressure"
      },
      {
        "id": "e11",
        "source": "Improving Logical Reasoning",
        "target": "Weighing Complex Trade-Offs"
      },
      {
        "id": "e12",
        "source": "Strategic Decision-Making Under Pressure",
        "target": "Weighing Complex Trade-Offs"
      },
      {
        "id": "e13",
        "source": "Mental Multitasking & Information Prioritization",
        "target": "Managing High-Risk Situations"
      },
      {
        "id": "e14",
        "source": "Weighing Complex Trade-Offs",
        "target": "Managing High-Risk Situations"
      },
      {
        "id": "e15",
        "source": "Weighing Complex Trade-Offs",
        "target": "Influencing Outcomes Without Direct Control"
      },
      {
        "id": "e16",
        "source": "Managing High-Risk Situations",
        "target": "Crisis Management & Conflict Resolution"
      },
      {
        "id": "e17",
        "source": "Crisis Management & Conflict Resolution",
        "target": "Influencing Outcomes Without Direct Control"
      },
      {
        "id": "e18",
        "source": "Influencing Outcomes Without Direct Control",
        "target": "Advanced Persuasion & Negotiation"
      },
      {
        "id": "e19",
        "source": "Managing High-Risk Situations",
        "target": "Advanced Persuasion & Negotiation"
      }
    ]
  },
  "Social Mastery: Influence, Leadership, & Relationships": {
    "partition": "Practical",
    "nodes": [
      {
        "id": "Making a Strong First Impression",
        "data": {
          "label": "Making a Strong First Impression",
          "level": "Level 1",
          "subskills": [
            "Develop an awareness of body language and non-verbal cues",
            "Practice confident posture and eye contact",
            "Choose appropriate attire and grooming for different settings",
            "Learn to introduce yourself with clarity and warmth",
            "Utilize a friendly tone and genuine smile",
            "Understand the importance of first 30 seconds in social interactions"
          ]
        }
      },
      {
        "id": "Mastering Small Talk",
        "data": {
          "label": "Mastering Small Talk",
          "level": "Level 1",
          "subskills": [
            "Practice initiating conversation topics with ease",
            "Learn to ask open-ended questions",
            "Understand cultural and situational context for conversation",
            "Develop active listening skills to keep dialogue flowing",
            "Identify shared interests quickly",
            "Use humor and light anecdotes appropriately"
          ]
        }
      },
      {
        "id": "Building Trust & Rapport",
        "data": {
          "label": "Building Trust & Rapport",
          "level": "Level 1",
          "subskills": [
            "Practice empathy and genuine interest in others",
            "Demonstrate reliability and consistency in behavior",
            "Share personal stories that are relevant and relatable",
            "Learn to read subtle emotional cues",
            "Cultivate active listening and respectful dialogue",
            "Understand the importance of confidentiality and discretion"
          ]
        }
      },
      {
        "id": "Recognizing Social Cues",
        "data": {
          "label": "Recognizing Social Cues",
          "level": "Level 2",
          "subskills": [
            "Observe body language, facial expressions, and tone of voice",
            "Interpret subtle non-verbal signals in conversations",
            "Understand cultural variations in social behavior",
            "Practice situational awareness in group settings",
            "Learn to adjust your behavior based on observed cues",
            "Reflect on feedback received from others about your interactions"
          ]
        }
      },
      {
        "id": "Active Listening",
        "data": {
          "label": "Active Listening",
          "level": "Level 2",
          "subskills": [
            "Focus completely on the speaker without interrupting",
            "Practice paraphrasing and summarizing to ensure understanding",
            "Ask clarifying questions when needed",
            "Avoid distractions and maintain eye contact",
            "Provide verbal and non-verbal feedback during conversations",
            "Demonstrate patience and empathy during dialogue"
          ]
        }
      },
      {
        "id": "Asking Powerful Questions",
        "data": {
          "label": "Asking Powerful Questions",
          "level": "Level 2",
          "subskills": [
            "Develop the habit of asking open-ended questions",
            "Use questions to stimulate deeper thinking and reflection",
            "Tailor questions to the context and individual",
            "Practice following up with probing inquiries",
            "Learn to balance inquiry with sharing personal insights",
            "Refine questioning techniques through role-playing scenarios"
          ]
        }
      },
      {
        "id": "Giving & Receiving Constructive Feedback",
        "data": {
          "label": "Giving & Receiving Constructive Feedback",
          "level": "Level 3",
          "subskills": [
            "Learn techniques for framing feedback in a positive manner",
            "Practice active listening when receiving criticism",
            "Develop the ability to separate personal feelings from constructive insights",
            "Use specific examples to support feedback",
            "Engage in regular feedback sessions for continuous improvement",
            "Reflect on feedback to adjust behavior and performance"
          ]
        }
      },
      {
        "id": "Handling Difficult Conversations",
        "data": {
          "label": "Handling Difficult Conversations",
          "level": "Level 3",
          "subskills": [
            "Prepare mentally before engaging in challenging dialogues",
            "Practice maintaining calm and composure under pressure",
            "Develop strategies to de-escalate tension",
            "Focus on the issue rather than personal attributes",
            "Use empathy to understand the other party's perspective",
            "Implement conflict resolution techniques to find common ground"
          ]
        }
      },
      {
        "id": "Navigating Group Dynamics",
        "data": {
          "label": "Navigating Group Dynamics",
          "level": "Level 3",
          "subskills": [
            "Identify and understand different roles within a group",
            "Practice facilitating inclusive discussions",
            "Recognize the influence of social hierarchies",
            "Develop strategies for managing dominant or passive personalities",
            "Learn to mediate conflicts within teams",
            "Apply techniques to foster a collaborative group environment"
          ]
        }
      },
      {
        "id": "Persuasion & Influence",
        "data": {
          "label": "Persuasion & Influence",
          "level": "Level 4",
          "subskills": [
            "Study the principles of persuasion such as reciprocity and scarcity",
            "Practice framing arguments in a compelling way",
            "Learn to adapt your message to your audience",
            "Use storytelling to make your point more relatable",
            "Develop the ability to influence without coercion",
            "Understand the ethical considerations of persuasion"
          ]
        }
      },
      {
        "id": "Public Speaking Under Pressure",
        "data": {
          "label": "Public Speaking Under Pressure",
          "level": "Level 4",
          "subskills": [
            "Practice delivering speeches in front of small groups",
            "Learn techniques to manage stage fright and anxiety",
            "Develop a strong, clear vocal presence",
            "Utilize storytelling and humor to engage the audience",
            "Use visual aids effectively to support your message",
            "Adapt quickly to unexpected interruptions or challenges during presentations"
          ]
        }
      },
      {
        "id": "Crisis Communication & De-escalation",
        "data": {
          "label": "Crisis Communication & De-escalation",
          "level": "Level 4",
          "subskills": [
            "Develop clear and concise messaging for high-stress situations",
            "Practice active listening and empathy during crises",
            "Learn to maintain composure while delivering difficult news",
            "Use assertive communication to guide conversations",
            "Implement strategies to calm down agitated individuals",
            "Understand the importance of timely and transparent communication in a crisis"
          ]
        }
      },
      {
        "id": "Conflict Mediation at Scale",
        "data": {
          "label": "Conflict Mediation at Scale",
          "level": "Level 5",
          "subskills": [
            "Learn to facilitate discussions among large groups",
            "Develop strategies for identifying common ground in complex conflicts",
            "Practice managing multi-party negotiations",
            "Utilize structured frameworks for conflict resolution",
            "Cultivate impartiality and fairness in mediation",
            "Develop the ability to synthesize diverse viewpoints into coherent solutions"
          ]
        }
      },
      {
        "id": "Leading Large Groups Effectively",
        "data": {
          "label": "Leading Large Groups Effectively",
          "level": "Level 5",
          "subskills": [
            "Understand the dynamics of group leadership",
            "Practice delegating responsibilities and empowering team members",
            "Develop strategies to communicate vision and motivate diverse groups",
            "Learn to manage conflicts and resolve issues at scale",
            "Implement systems for feedback and continuous improvement",
            "Foster an inclusive culture that values every voice"
          ]
        }
      },
      {
        "id": "Negotiating High-Stakes Deals",
        "data": {
          "label": "Negotiating High-Stakes Deals",
          "level": "Level 5",
          "subskills": [
            "Develop advanced negotiation strategies and tactics",
            "Study the art of compromise and strategic concessions",
            "Practice high-pressure negotiation simulations",
            "Learn to identify and leverage key points of influence",
            "Understand the importance of preparation and research before negotiations",
            "Build confidence in making decisions under pressure",
            "Cultivate the ability to stay composed and persuasive during critical discussions"
          ]
        }
      }
    ],
    "edges": [
      {
        "id": "e1",
        "source": "Making a Strong First Impression",
        "target": "Mastering Small Talk"
      },
      {
        "id": "e2",
        "source": "Mastering Small Talk",
        "target": "Building Trust & Rapport"
      },
      {
        "id": "e3",
        "source": "Making a Strong First Impression",
        "target": "Building Trust & Rapport"
      },
      {
        "id": "e4",
        "source": "Building Trust & Rapport",
        "target": "Recognizing Social Cues"
      },
      {
        "id": "e5",
        "source": "Mastering Small Talk",
        "target": "Active Listening"
      },
      {
        "id": "e6",
        "source": "Recognizing Social Cues",
        "target": "Active Listening"
      },
      {
        "id": "e7",
        "source": "Active Listening",
        "target": "Asking Powerful Questions"
      },
      {
        "id": "e8",
        "source": "Recognizing Social Cues",
        "target": "Asking Powerful Questions"
      },
      {
        "id": "e9",
        "source": "Building Trust & Rapport",
        "target": "Giving & Receiving Constructive Feedback"
      },
      {
        "id": "e10",
        "source": "Active Listening",
        "target": "Giving & Receiving Constructive Feedback"
      },
      {
        "id": "e11",
        "source": "Asking Powerful Questions",
        "target": "Handling Difficult Conversations"
      },
      {
        "id": "e12",
        "source": "Giving & Receiving Constructive Feedback",
        "target": "Handling Difficult Conversations"
      },
      {
        "id": "e13",
        "source": "Handling Difficult Conversations",
        "target": "Navigating Group Dynamics"
      },
      {
        "id": "e14",
        "source": "Giving & Receiving Constructive Feedback",
        "target": "Navigating Group Dynamics"
      },
      {
        "id": "e15",
        "source": "Navigating Group Dynamics",
        "target": "Persuasion & Influence"
      },
      {
        "id": "e16",
        "source": "Handling Difficult Conversations",
        "target": "Persuasion & Influence"
      },
      {
        "id": "e17",
        "source": "Persuasion & Influence",
        "target": "Public Speaking Under Pressure"
      },
      {
        "id": "e18",
        "source": "Persuasion & Influence",
        "target": "Crisis Communication & De-escalation"
      },
      {
        "id": "e19",
        "source": "Public Speaking Under Pressure",
        "target": "Crisis Communication & De-escalation"
      },
      {
        "id": "e20",
        "source": "Crisis Communication & De-escalation",
        "target": "Conflict Mediation at Scale"
      },
      {
        "id": "e21",
        "source": "Public Speaking Under Pressure",
        "target": "Leading Large Groups Effectively"
      },
      {
        "id": "e22",
        "source": "Conflict Mediation at Scale",
        "target": "Leading Large Groups Effectively"
      },
      {
        "id": "e23",
        "source": "Leading Large Groups Effectively",
        "target": "Negotiating High-Stakes Deals"
      },
      {
        "id": "e24",
        "source": "Negotiating High-Stakes Deals",
        "target": "Persuasion & Influence"
      }
    ]
  },
  "Survival, Preparedness, & Practical Self-Reliance": {
    "partition": "Practical",
    "nodes": [
      {
        "id": "Situational Awareness & Identifying Threats",
        "data": {
          "label": "Situational Awareness & Identifying Threats",
          "level": "Level 1",
          "subskills": [
            "Learn to observe your surroundings carefully and note unusual behavior",
            "Identify potential hazards in various environments (urban, wilderness)",
            "Understand body language and environmental cues that signal danger",
            "Develop quick assessment skills for risk factors",
            "Practice mindfulness to remain alert in everyday situations",
            "Use situational drills to enhance your natural instincts"
          ]
        }
      },
      {
        "id": "Avoiding Dangerous Situations",
        "data": {
          "label": "Avoiding Dangerous Situations",
          "level": "Level 1",
          "subskills": [
            "Recognize high-risk areas and avoid them when possible",
            "Develop strategies for de-escalating potentially hazardous encounters",
            "Learn to trust your intuition and exit scenarios that feel unsafe",
            "Understand the importance of maintaining a low profile",
            "Practice planning alternate routes in unfamiliar areas",
            "Utilize technology (apps, alerts) to stay informed about local risks"
          ]
        }
      },
      {
        "id": "Basic First Aid & CPR",
        "data": {
          "label": "Basic First Aid & CPR",
          "level": "Level 1",
          "subskills": [
            "Learn the fundamentals of first aid, including wound care and bandaging",
            "Master CPR techniques for adults, children, and infants",
            "Understand when and how to use an automated external defibrillator (AED)",
            "Practice emergency response drills in simulated scenarios",
            "Develop the ability to quickly assess a victim’s condition",
            "Familiarize yourself with local emergency numbers and protocols"
          ]
        }
      },
      {
        "id": "Fire Starting Without Matches",
        "data": {
          "label": "Fire Starting Without Matches",
          "level": "Level 2",
          "subskills": [
            "Study friction-based fire-starting methods like bow drill and hand drill",
            "Identify and gather natural tinder, kindling, and fuel sources",
            "Practice safely in controlled outdoor environments",
            "Understand the environmental conditions that affect fire-starting",
            "Learn to maintain a fire once it is ignited",
            "Experiment with various natural materials to determine the best tinder"
          ]
        }
      },
      {
        "id": "Finding & Purifying Water",
        "data": {
          "label": "Finding & Purifying Water",
          "level": "Level 2",
          "subskills": [
            "Identify natural water sources such as streams, springs, and rainwater",
            "Learn methods for collecting and storing water safely",
            "Understand different water purification techniques (boiling, filtering, chemical treatment)",
            "Practice building and using portable water filters",
            "Recognize signs of water contamination and hazards",
            "Develop a routine to regularly assess water quality in your environment"
          ]
        }
      },
      {
        "id": "Improvised Shelter Construction",
        "data": {
          "label": "Improvised Shelter Construction",
          "level": "Level 2",
          "subskills": [
            "Learn basic knots and lashings for constructing shelters",
            "Identify natural features that can serve as shelter foundations",
            "Practice designing and building shelters from available materials",
            "Understand insulation, ventilation, and weatherproofing principles",
            "Experiment with different shelter designs in various outdoor conditions",
            "Develop the ability to quickly erect temporary shelters in emergencies"
          ]
        }
      },
      {
        "id": "Navigating Without GPS",
        "data": {
          "label": "Navigating Without GPS",
          "level": "Level 3",
          "subskills": [
            "Learn to read traditional maps and use a compass effectively",
            "Develop skills in celestial navigation using the sun, stars, and moon",
            "Practice natural navigation techniques by observing landmarks",
            "Understand basic orienteering principles and route planning",
            "Participate in navigation drills and wilderness challenges",
            "Integrate environmental cues with manual navigation tools"
          ]
        }
      },
      {
        "id": "Identifying Edible Wild Plants",
        "data": {
          "label": "Identifying Edible Wild Plants",
          "level": "Level 3",
          "subskills": [
            "Learn to distinguish between edible and toxic plants",
            "Study common local flora and their seasonal availability",
            "Practice safe foraging techniques and plant identification",
            "Understand preparation methods to neutralize any potential toxins",
            "Utilize field guides and mobile apps for plant identification",
            "Engage in supervised foraging trips to build confidence and knowledge"
          ]
        }
      },
      {
        "id": "Signaling for Rescue",
        "data": {
          "label": "Signaling for Rescue",
          "level": "Level 3",
          "subskills": [
            "Learn different signaling methods (visual, auditory, and electronic)",
            "Practice using mirrors, flares, and whistles effectively",
            "Understand the importance of location markers and signal repetition",
            "Familiarize yourself with standard emergency signaling protocols",
            "Develop the ability to improvise signals with available resources",
            "Participate in rescue simulation exercises"
          ]
        }
      },
      {
        "id": "Self-Defense Techniques",
        "data": {
          "label": "Self-Defense Techniques",
          "level": "Level 4",
          "subskills": [
            "Learn basic hand-to-hand combat moves and defensive postures",
            "Study situational defense tactics for various environments",
            "Practice escape maneuvers and defensive strikes",
            "Understand how to use everyday objects as improvised weapons",
            "Train in awareness of personal space and boundary setting",
            "Participate in self-defense classes or workshops"
          ]
        }
      },
      {
        "id": "Escaping Dangerous Situations",
        "data": {
          "label": "Escaping Dangerous Situations",
          "level": "Level 4",
          "subskills": [
            "Develop strategies for quick and safe egress from threats",
            "Practice situational drills that simulate hostile encounters",
            "Learn to identify escape routes and safe havens in various settings",
            "Understand the importance of calm and decisive action under pressure",
            "Utilize distraction and misdirection techniques to aid escape",
            "Train in methods to quickly assess and respond to sudden danger"
          ]
        }
      },
      {
        "id": "Basic Weapon Improvisation",
        "data": {
          "label": "Basic Weapon Improvisation",
          "level": "Level 4",
          "subskills": [
            "Learn to identify everyday items that can be used for self-defense",
            "Practice techniques for transforming objects into effective deterrents",
            "Understand the legal and ethical considerations of weapon improvisation",
            "Develop quick-thinking strategies for using available resources in a threat",
            "Experiment with creative, non-lethal defense methods",
            "Train in safely handling improvised weapons in controlled scenarios"
          ]
        }
      },
      {
        "id": "Urban Survival (Avoiding Scams, Recognizing Unsafe Areas)",
        "data": {
          "label": "Urban Survival (Avoiding Scams, Recognizing Unsafe Areas)",
          "level": "Level 5",
          "subskills": [
            "Learn to identify common urban scams and fraudulent schemes",
            "Develop the ability to assess neighborhood safety and risk factors",
            "Practice situational awareness specific to crowded urban environments",
            "Understand the dynamics of urban crime and preventive strategies",
            "Engage in community watch programs and local safety initiatives",
            "Familiarize yourself with urban navigation apps and emergency resources"
          ]
        }
      },
      {
        "id": "Handling Emergencies in Public Spaces",
        "data": {
          "label": "Handling Emergencies in Public Spaces",
          "level": "Level 5",
          "subskills": [
            "Learn to manage crowd dynamics during emergencies",
            "Practice first response techniques in public settings",
            "Develop clear communication strategies for public crises",
            "Understand the protocols for liaising with emergency services",
            "Train in rapid evacuation and safe-assembly procedures",
            "Participate in public safety drills and simulations"
          ]
        }
      },
      {
        "id": "Dealing with Bureaucratic Emergencies Abroad (Visas, Customs, Legal Trouble)",
        "data": {
          "label": "Dealing with Bureaucratic Emergencies Abroad (Visas, Customs, Legal Trouble)",
          "level": "Level 5",
          "subskills": [
            "Learn the basics of international travel documentation and visa processes",
            "Understand customs procedures and common pitfalls for travelers",
            "Develop strategies for managing legal issues while abroad",
            "Practice communication techniques for resolving bureaucratic challenges",
            "Research resources and contacts for international emergencies",
            "Familiarize yourself with the legal systems of different countries",
            "Plan for contingencies such as embassy or consulate support during crises"
          ]
        }
      }
    ],
    "edges": [
      {
        "id": "e1",
        "source": "Situational Awareness & Identifying Threats",
        "target": "Avoiding Dangerous Situations"
      },
      {
        "id": "e2",
        "source": "Avoiding Dangerous Situations",
        "target": "Basic First Aid & CPR"
      },
      {
        "id": "e3",
        "source": "Situational Awareness & Identifying Threats",
        "target": "Basic First Aid & CPR"
      },
      {
        "id": "e4",
        "source": "Basic First Aid & CPR",
        "target": "Fire Starting Without Matches"
      },
      {
        "id": "e5",
        "source": "Avoiding Dangerous Situations",
        "target": "Finding & Purifying Water"
      },
      {
        "id": "e6",
        "source": "Fire Starting Without Matches",
        "target": "Finding & Purifying Water"
      },
      {
        "id": "e7",
        "source": "Finding & Purifying Water",
        "target": "Improvised Shelter Construction"
      },
      {
        "id": "e8",
        "source": "Improvised Shelter Construction",
        "target": "Navigating Without GPS"
      },
      {
        "id": "e9",
        "source": "Basic First Aid & CPR",
        "target": "Navigating Without GPS"
      },
      {
        "id": "e10",
        "source": "Navigating Without GPS",
        "target": "Identifying Edible Wild Plants"
      },
      {
        "id": "e11",
        "source": "Identifying Edible Wild Plants",
        "target": "Signaling for Rescue"
      },
      {
        "id": "e12",
        "source": "Navigating Without GPS",
        "target": "Signaling for Rescue"
      },
      {
        "id": "e13",
        "source": "Signaling for Rescue",
        "target": "Self-Defense Techniques"
      },
      {
        "id": "e14",
        "source": "Self-Defense Techniques",
        "target": "Escaping Dangerous Situations"
      },
      {
        "id": "e15",
        "source": "Self-Defense Techniques",
        "target": "Basic Weapon Improvisation"
      },
      {
        "id": "e16",
        "source": "Escaping Dangerous Situations",
        "target": "Basic Weapon Improvisation"
      },
      {
        "id": "e17",
        "source": "Basic Weapon Improvisation",
        "target": "Urban Survival (Avoiding Scams, Recognizing Unsafe Areas)"
      },
      {
        "id": "e18",
        "source": "Self-Defense Techniques",
        "target": "Handling Emergencies in Public Spaces"
      },
      {
        "id": "e19",
        "source": "Urban Survival (Avoiding Scams, Recognizing Unsafe Areas)",
        "target": "Handling Emergencies in Public Spaces"
      },
      {
        "id": "e20",
        "source": "Handling Emergencies in Public Spaces",
        "target": "Dealing with Bureaucratic Emergencies Abroad (Visas, Customs, Legal Trouble)"
      },
      {
        "id": "e21",
        "source": "Urban Survival (Avoiding Scams, Recognizing Unsafe Areas)",
        "target": "Dealing with Bureaucratic Emergencies Abroad (Visas, Customs, Legal Trouble)"
      }
    ]
  },
  "Mental & Emotional Fortitude": {
    "partition": "Practical",
    "nodes": [
      {
        "id": "Understanding Emotional Triggers",
        "data": {
          "label": "Understanding Emotional Triggers",
          "level": "Level 1",
          "subskills": [
            "Learn to identify personal emotional hotspots and triggers",
            "Reflect on past emotional responses to understand patterns",
            "Keep a journal to track emotions and situations",
            "Understand the physiological signals associated with strong emotions",
            "Differentiate between immediate emotional reactions and deeper feelings",
            "Practice mindfulness to observe emotions as they arise",
            "Engage in self-reflection to uncover underlying causes"
          ]
        }
      },
      {
        "id": "Redirecting Negative Thought Patterns",
        "data": {
          "label": "Redirecting Negative Thought Patterns",
          "level": "Level 1",
          "subskills": [
            "Recognize recurring negative thoughts and their impact",
            "Practice cognitive techniques to challenge pessimistic assumptions",
            "Develop a habit of reframing problems in a more constructive light",
            "Utilize thought-stopping techniques to break negative cycles",
            "Incorporate gratitude practices to shift focus",
            "Learn to substitute negative self-talk with positive affirmations",
            "Reflect on successes and strengths to counterbalance negativity"
          ]
        }
      },
      {
        "id": "Strengthening Boundaries",
        "data": {
          "label": "Strengthening Boundaries",
          "level": "Level 1",
          "subskills": [
            "Identify personal limits in relationships and interactions",
            "Practice saying ‘no’ in low-stakes situations to build confidence",
            "Learn to communicate boundaries assertively and respectfully",
            "Understand the importance of self-care in maintaining boundaries",
            "Reflect on past situations where boundaries were compromised",
            "Develop strategies to reinforce boundaries in challenging scenarios",
            "Seek feedback from trusted individuals to refine your approach"
          ]
        }
      },
      {
        "id": "Developing Resilience to Criticism",
        "data": {
          "label": "Developing Resilience to Criticism",
          "level": "Level 2",
          "subskills": [
            "Learn to separate constructive feedback from personal attacks",
            "Practice self-reflection to evaluate criticism objectively",
            "Develop strategies to remain calm when receiving feedback",
            "Seek multiple perspectives to gain balanced insight",
            "Build confidence by acknowledging your strengths",
            "Engage in exercises that challenge your comfort zone",
            "Reflect on criticism as an opportunity for growth"
          ]
        }
      },
      {
        "id": "Handling Rejection Gracefully",
        "data": {
          "label": "Handling Rejection Gracefully",
          "level": "Level 2",
          "subskills": [
            "Develop the mindset that rejection is a learning opportunity",
            "Practice resilience techniques to bounce back from setbacks",
            "Learn to separate personal worth from external opinions",
            "Reflect on past rejections to identify growth areas",
            "Engage in role-playing scenarios to prepare for potential rejection",
            "Maintain a support network to share experiences and gain perspective",
            "Cultivate self-compassion during and after rejection"
          ]
        }
      },
      {
        "id": "Practicing Self-Compassion",
        "data": {
          "label": "Practicing Self-Compassion",
          "level": "Level 2",
          "subskills": [
            "Develop a daily practice of self-kindness and forgiveness",
            "Learn mindfulness techniques to accept your imperfections",
            "Engage in self-care routines that nurture mental and emotional health",
            "Replace self-criticism with supportive internal dialogue",
            "Reflect on personal achievements and moments of growth",
            "Understand that setbacks are a normal part of the human experience",
            "Practice meditation focused on loving-kindness towards oneself"
          ]
        }
      },
      {
        "id": "Stress Reduction & Mindfulness Techniques",
        "data": {
          "label": "Stress Reduction & Mindfulness Techniques",
          "level": "Level 3",
          "subskills": [
            "Learn various mindfulness meditation practices",
            "Incorporate breathing exercises to manage acute stress",
            "Practice progressive muscle relaxation",
            "Engage in regular mindfulness exercises to build resilience",
            "Use guided imagery to create mental spaces of calm",
            "Implement routine breaks for mental recharging",
            "Experiment with yoga or other movement-based mindfulness practices"
          ]
        }
      },
      {
        "id": "Cognitive Reframing for Difficult Situations",
        "data": {
          "label": "Cognitive Reframing for Difficult Situations",
          "level": "Level 3",
          "subskills": [
            "Learn to reinterpret negative situations in a positive light",
            "Practice identifying alternative perspectives",
            "Engage in structured exercises to challenge unhelpful thought patterns",
            "Reflect on situations where reframing changed the outcome",
            "Utilize journaling to explore different viewpoints",
            "Apply reframing techniques in real-time stressful situations",
            "Learn from mentors or therapists skilled in cognitive behavioral techniques"
          ]
        }
      },
      {
        "id": "Overcoming Perfectionism",
        "data": {
          "label": "Overcoming Perfectionism",
          "level": "Level 3",
          "subskills": [
            "Recognize the signs and costs of perfectionism in daily life",
            "Develop realistic standards and set achievable goals",
            "Practice self-acceptance and celebrate progress over perfection",
            "Learn to delegate and ask for help when needed",
            "Engage in activities that emphasize creativity over flawlessness",
            "Reflect on the benefits of making mistakes as part of growth",
            "Challenge the internal critic that fuels perfectionist tendencies"
          ]
        }
      },
      {
        "id": "Handling High-Stress Situations with Composure",
        "data": {
          "label": "Handling High-Stress Situations with Composure",
          "level": "Level 4",
          "subskills": [
            "Develop techniques to remain calm during crises",
            "Practice situational drills that simulate high-pressure scenarios",
            "Learn to maintain clarity and focus under duress",
            "Utilize breathing and grounding exercises in the moment",
            "Reflect on past high-stress experiences to improve future responses",
            "Build a mental toolkit of coping strategies for sudden stress",
            "Engage in regular stress inoculation training"
          ]
        }
      },
      {
        "id": "Emotional Intelligence in Crisis Situations",
        "data": {
          "label": "Emotional Intelligence in Crisis Situations",
          "level": "Level 4",
          "subskills": [
            "Learn to recognize and validate your own emotions during crises",
            "Practice empathy to understand the emotions of others under stress",
            "Develop communication strategies that calm and reassure",
            "Utilize active listening to address emotional needs",
            "Reflect on case studies of effective crisis management",
            "Engage in role-playing exercises that simulate emotionally charged situations",
            "Understand the balance between logic and empathy in crisis responses"
          ]
        }
      },
      {
        "id": "Navigating Long-Term Emotional Challenges",
        "data": {
          "label": "Navigating Long-Term Emotional Challenges",
          "level": "Level 4",
          "subskills": [
            "Develop strategies for sustained emotional self-care",
            "Learn to set realistic expectations for long-term challenges",
            "Engage in therapy or support groups for ongoing issues",
            "Reflect on personal growth over extended periods of stress",
            "Utilize goal-setting to manage chronic emotional challenges",
            "Practice acceptance and commitment strategies",
            "Develop resilience through long-term mindfulness and meditation practices"
          ]
        }
      },
      {
        "id": "Mastering Unshakable Confidence",
        "data": {
          "label": "Mastering Unshakable Confidence",
          "level": "Level 5",
          "subskills": [
            "Develop a strong internal sense of self-worth",
            "Engage in activities that consistently push your comfort zone",
            "Reflect on past achievements and successes to build self-belief",
            "Practice assertive communication and decision-making",
            "Learn from mentors and role models who exhibit strong confidence",
            "Set and achieve challenging personal goals",
            "Utilize positive affirmations and visualization techniques"
          ]
        }
      },
      {
        "id": "Cultivating a Personal Philosophy for Strength",
        "data": {
          "label": "Cultivating a Personal Philosophy for Strength",
          "level": "Level 5",
          "subskills": [
            "Reflect deeply on personal values and life goals",
            "Study philosophical or spiritual teachings that promote resilience",
            "Develop a set of guiding principles for difficult times",
            "Engage in regular self-reflection and meditation",
            "Write and refine a personal manifesto or credo",
            "Integrate lessons from life experiences into a coherent worldview",
            "Use your philosophy as a decision-making framework during adversity"
          ]
        }
      },
      {
        "id": "Teaching Others Emotional Resilience",
        "data": {
          "label": "Teaching Others Emotional Resilience",
          "level": "Level 5",
          "subskills": [
            "Develop clear communication skills to share resilience strategies",
            "Mentor or coach others through their emotional challenges",
            "Create workshops or content focused on building emotional strength",
            "Use storytelling to illustrate resilience principles",
            "Adapt your personal experiences into teachable moments",
            "Foster a supportive community environment",
            "Continuously learn and refine your own resilience techniques to share"
          ]
        }
      }
    ],
    "edges": [
      {
        "id": "e1",
        "source": "Understanding Emotional Triggers",
        "target": "Redirecting Negative Thought Patterns"
      },
      {
        "id": "e2",
        "source": "Redirecting Negative Thought Patterns",
        "target": "Strengthening Boundaries"
      },
      {
        "id": "e3",
        "source": "Understanding Emotional Triggers",
        "target": "Strengthening Boundaries"
      },
      {
        "id": "e4",
        "source": "Strengthening Boundaries",
        "target": "Developing Resilience to Criticism"
      },
      {
        "id": "e5",
        "source": "Redirecting Negative Thought Patterns",
        "target": "Handling Rejection Gracefully"
      },
      {
        "id": "e6",
        "source": "Developing Resilience to Criticism",
        "target": "Handling Rejection Gracefully"
      },
      {
        "id": "e7",
        "source": "Handling Rejection Gracefully",
        "target": "Practicing Self-Compassion"
      },
      {
        "id": "e8",
        "source": "Developing Resilience to Criticism",
        "target": "Practicing Self-Compassion"
      },
      {
        "id": "e9",
        "source": "Practicing Self-Compassion",
        "target": "Stress Reduction & Mindfulness Techniques"
      },
      {
        "id": "e10",
        "source": "Redirecting Negative Thought Patterns",
        "target": "Cognitive Reframing for Difficult Situations"
      },
      {
        "id": "e11",
        "source": "Stress Reduction & Mindfulness Techniques",
        "target": "Cognitive Reframing for Difficult Situations"
      },
      {
        "id": "e12",
        "source": "Cognitive Reframing for Difficult Situations",
        "target": "Overcoming Perfectionism"
      },
      {
        "id": "e13",
        "source": "Overcoming Perfectionism",
        "target": "Handling High-Stress Situations with Composure"
      },
      {
        "id": "e14",
        "source": "Stress Reduction & Mindfulness Techniques",
        "target": "Handling High-Stress Situations with Composure"
      },
      {
        "id": "e15",
        "source": "Handling High-Stress Situations with Composure",
        "target": "Emotional Intelligence in Crisis Situations"
      },
      {
        "id": "e16",
        "source": "Cognitive Reframing for Difficult Situations",
        "target": "Navigating Long-Term Emotional Challenges"
      },
      {
        "id": "e17",
        "source": "Emotional Intelligence in Crisis Situations",
        "target": "Navigating Long-Term Emotional Challenges"
      },
      {
        "id": "e18",
        "source": "Navigating Long-Term Emotional Challenges",
        "target": "Mastering Unshakable Confidence"
      },
      {
        "id": "e19",
        "source": "Handling High-Stress Situations with Composure",
        "target": "Mastering Unshakable Confidence"
      },
      {
        "id": "e20",
        "source": "Mastering Unshakable Confidence",
        "target": "Cultivating a Personal Philosophy for Strength"
      },
      {
        "id": "e21",
        "source": "Cultivating a Personal Philosophy for Strength",
        "target": "Teaching Others Emotional Resilience"
      },
      {
        "id": "e22",
        "source": "Mastering Unshakable Confidence",
        "target": "Teaching Others Emotional Resilience"
      }
    ]
  },
  "Financial & Resourcefulness Mastery": {
    "partition": "Practical",
    "nodes": [
      {
        "id": "Managing a Personal Budget",
        "data": {
          "label": "Managing a Personal Budget",
          "level": "Level 1",
          "subskills": [
            "Learn to track income and expenses using simple ledgers or apps",
            "Set realistic spending limits based on your financial goals",
            "Understand the difference between fixed and variable expenses",
            "Develop a monthly budget plan and review it regularly",
            "Identify areas where you can reduce costs",
            "Implement budgeting tools or spreadsheets for consistent tracking"
          ]
        }
      },
      {
        "id": "Negotiating Lower Bills",
        "data": {
          "label": "Negotiating Lower Bills",
          "level": "Level 1",
          "subskills": [
            "Research market rates and competitor pricing for services",
            "Prepare persuasive arguments for bill reductions",
            "Practice negotiation techniques with service providers",
            "Utilize discounts, loyalty programs, and available promotions",
            "Follow up persistently while remaining polite",
            "Document successes to improve future negotiations"
          ]
        }
      },
      {
        "id": "Stretching a Budget Creatively",
        "data": {
          "label": "Stretching a Budget Creatively",
          "level": "Level 1",
          "subskills": [
            "Explore creative ways to save on everyday costs",
            "Learn to repurpose items instead of buying new ones",
            "Utilize community resources and the sharing economy",
            "Implement cost-saving meal planning and bulk purchasing",
            "Evaluate recurring subscriptions and cut unnecessary ones",
            "Experiment with DIY solutions for common expenses"
          ]
        }
      },
      {
        "id": "Understanding Credit & Loans",
        "data": {
          "label": "Understanding Credit & Loans",
          "level": "Level 2",
          "subskills": [
            "Learn the fundamentals of credit scores and credit reports",
            "Understand interest rates, loan terms, and repayment structures",
            "Research different types of loans and credit products",
            "Develop strategies for building and maintaining good credit",
            "Compare offers to choose the best financial products for your needs"
          ]
        }
      },
      {
        "id": "Optimizing Everyday Financial Habits",
        "data": {
          "label": "Optimizing Everyday Financial Habits",
          "level": "Level 2",
          "subskills": [
            "Identify small daily expenses that accumulate over time",
            "Automate savings and bill payments to avoid late fees",
            "Track spending habits to uncover inefficiencies",
            "Set short-term financial goals to promote disciplined spending",
            "Use budgeting apps to monitor and adjust daily financial behaviors"
          ]
        }
      },
      {
        "id": "Passive Income & Side Hustles",
        "data": {
          "label": "Passive Income & Side Hustles",
          "level": "Level 2",
          "subskills": [
            "Explore various passive income streams such as dividends or rentals",
            "Research side hustle opportunities that match your skills and interests",
            "Develop a plan to monetize hobbies or skills outside your main job",
            "Understand basic online business models and e-commerce",
            "Balance time between primary income and additional ventures"
          ]
        }
      },
      {
        "id": "Reading & Understanding Contracts",
        "data": {
          "label": "Reading & Understanding Contracts",
          "level": "Level 3",
          "subskills": [
            "Learn common contract terms and legal jargon",
            "Understand your rights and obligations within agreements",
            "Consult resources or professionals when unclear on contract details",
            "Review contracts carefully before signing any agreement",
            "Practice summarizing key points in plain language for clarity"
          ]
        }
      },
      {
        "id": "Leveraging Credit Card Rewards",
        "data": {
          "label": "Leveraging Credit Card Rewards",
          "level": "Level 3",
          "subskills": [
            "Understand the structure and benefits of credit card reward programs",
            "Track your spending to maximize rewards accrual",
            "Learn to redeem points effectively for cash, travel, or other benefits",
            "Compare reward options across different credit cards",
            "Monitor annual fees versus the benefits to ensure net gains"
          ]
        }
      },
      {
        "id": "Finding & Applying for Grants",
        "data": {
          "label": "Finding & Applying for Grants",
          "level": "Level 3",
          "subskills": [
            "Research available grants and understand eligibility criteria",
            "Prepare compelling grant proposals and applications",
            "Familiarize yourself with funding sources across various sectors",
            "Build a network that can offer insights on grant opportunities",
            "Track deadlines and application requirements systematically"
          ]
        }
      },
      {
        "id": "Investing in Stocks & Bonds",
        "data": {
          "label": "Investing in Stocks & Bonds",
          "level": "Level 4",
          "subskills": [
            "Learn the basics of stock market investing and bond markets",
            "Understand risk management, diversification, and portfolio balancing",
            "Research companies and market trends before investing",
            "Utilize virtual trading platforms to simulate real investments",
            "Review historical performance data to inform your decisions"
          ]
        }
      },
      {
        "id": "Real Estate Basics",
        "data": {
          "label": "Real Estate Basics",
          "level": "Level 4",
          "subskills": [
            "Understand fundamental real estate concepts and key terminology",
            "Learn about property valuation and market analysis",
            "Explore different types of real estate investments (residential, commercial)",
            "Research financing options and mortgage fundamentals",
            "Understand legal and regulatory aspects of property transactions"
          ]
        }
      },
      {
        "id": "Scaling a Business for Profit",
        "data": {
          "label": "Scaling a Business for Profit",
          "level": "Level 4",
          "subskills": [
            "Learn strategies for business growth and expansion",
            "Understand key performance metrics that drive profitability",
            "Develop scalable systems and streamlined processes",
            "Research market trends to identify and capitalize on growth opportunities",
            "Plan for challenges such as cash flow management and competitive pressures"
          ]
        }
      },
      {
        "id": "Long-Term Wealth Planning",
        "data": {
          "label": "Long-Term Wealth Planning",
          "level": "Level 5",
          "subskills": [
            "Develop a comprehensive financial plan addressing future goals",
            "Learn about retirement planning, estate planning, and tax optimization",
            "Set long-term financial objectives with clear milestones",
            "Review and adjust your wealth plan periodically",
            "Consult with financial advisors for tailored strategies"
          ]
        }
      },
      {
        "id": "Managing Risk in Investments",
        "data": {
          "label": "Managing Risk in Investments",
          "level": "Level 5",
          "subskills": [
            "Learn advanced risk assessment and management techniques",
            "Understand diversification and hedging strategies to mitigate risk",
            "Monitor market conditions and adjust your portfolio accordingly",
            "Utilize tools like stop-loss orders to protect investments",
            "Evaluate the risk profiles of different asset classes regularly"
          ]
        }
      },
      {
        "id": "Creating Generational Wealth",
        "data": {
          "label": "Creating Generational Wealth",
          "level": "Level 5",
          "subskills": [
            "Develop strategies to transfer wealth across generations",
            "Understand inheritance laws, tax implications, and estate planning",
            "Invest in assets that appreciate over time and build legacy value",
            "Plan for educational and financial security of future generations",
            "Incorporate philanthropy and long-term investments into your wealth strategy"
          ]
        }
      }
    ],
    "edges": [
      {
        "id": "e1",
        "source": "Managing a Personal Budget",
        "target": "Negotiating Lower Bills"
      },
      {
        "id": "e2",
        "source": "Negotiating Lower Bills",
        "target": "Stretching a Budget Creatively"
      },
      {
        "id": "e3",
        "source": "Managing a Personal Budget",
        "target": "Stretching a Budget Creatively"
      },
      {
        "id": "e4",
        "source": "Stretching a Budget Creatively",
        "target": "Understanding Credit & Loans"
      },
      {
        "id": "e5",
        "source": "Understanding Credit & Loans",
        "target": "Optimizing Everyday Financial Habits"
      },
      {
        "id": "e6",
        "source": "Optimizing Everyday Financial Habits",
        "target": "Passive Income & Side Hustles"
      },
      {
        "id": "e7",
        "source": "Understanding Credit & Loans",
        "target": "Passive Income & Side Hustles"
      },
      {
        "id": "e8",
        "source": "Passive Income & Side Hustles",
        "target": "Reading & Understanding Contracts"
      },
      {
        "id": "e9",
        "source": "Reading & Understanding Contracts",
        "target": "Leveraging Credit Card Rewards"
      },
      {
        "id": "e10",
        "source": "Leveraging Credit Card Rewards",
        "target": "Finding & Applying for Grants"
      },
      {
        "id": "e11",
        "source": "Reading & Understanding Contracts",
        "target": "Finding & Applying for Grants"
      },
      {
        "id": "e12",
        "source": "Finding & Applying for Grants",
        "target": "Investing in Stocks & Bonds"
      },
      {
        "id": "e13",
        "source": "Investing in Stocks & Bonds",
        "target": "Real Estate Basics"
      },
      {
        "id": "e14",
        "source": "Real Estate Basics",
        "target": "Scaling a Business for Profit"
      },
      {
        "id": "e15",
        "source": "Investing in Stocks & Bonds",
        "target": "Scaling a Business for Profit"
      },
      {
        "id": "e16",
        "source": "Scaling a Business for Profit",
        "target": "Long-Term Wealth Planning"
      },
      {
        "id": "e17",
        "source": "Long-Term Wealth Planning",
        "target": "Managing Risk in Investments"
      },
      {
        "id": "e18",
        "source": "Managing Risk in Investments",
        "target": "Creating Generational Wealth"
      },
      {
        "id": "e19",
        "source": "Long-Term Wealth Planning",
        "target": "Creating Generational Wealth"
      }
    ]
  },
  "Creativity & Expressive Mastery": {
    "partition": "spirit",
    "nodes": [
      {
        "id": "Freewriting & Brainstorming Under Pressure",
        "data": {
          "label": "Freewriting & Brainstorming Under Pressure",
          "level": "Level 1",
          "subskills": [
            "Practice timed writing sessions to generate spontaneous ideas",
            "Learn to bypass internal criticism to let ideas flow freely",
            "Experiment with stream-of-consciousness techniques",
            "Utilize writing prompts to spark unexpected thoughts",
            "Reflect on daily experiences to fuel creative expression",
            "Challenge yourself with unconventional themes to stimulate innovation"
          ]
        }
      },
      {
        "id": "Finding Inspiration in Everyday Life",
        "data": {
          "label": "Finding Inspiration in Everyday Life",
          "level": "Level 1",
          "subskills": [
            "Develop mindfulness to notice beauty in the mundane",
            "Keep a daily journal of observations and insights",
            "Learn to capture fleeting moments through photography or sketching",
            "Explore diverse environments to broaden your perspective",
            "Engage with art, music, and literature for cross-pollination of ideas",
            "Reflect on personal experiences to uncover hidden sources of inspiration"
          ]
        }
      },
      {
        "id": "Sketching from Memory",
        "data": {
          "label": "Sketching from Memory",
          "level": "Level 1",
          "subskills": [
            "Practice drawing scenes or objects without direct reference",
            "Develop the habit of visual recall through regular exercises",
            "Experiment with different mediums to translate memory into art",
            "Learn techniques to capture essential details quickly",
            "Reflect on past visual experiences to improve accuracy",
            "Use sketching as a tool to enhance creative visualization"
          ]
        }
      },
      {
        "id": "Improvised Dance & Movement",
        "data": {
          "label": "Improvised Dance & Movement",
          "level": "Level 2",
          "subskills": [
            "Experiment with spontaneous movement to express emotions",
            "Explore different musical genres to influence your dance style",
            "Practice letting go of inhibitions in a safe environment",
            "Learn basic rhythm and flow techniques for fluid motion",
            "Engage in movement exercises that encourage creativity",
            "Reflect on how your body language communicates inner states"
          ]
        }
      },
      {
        "id": "Creative Constraints (Making Art with Limited Tools)",
        "data": {
          "label": "Creative Constraints (Making Art with Limited Tools)",
          "level": "Level 2",
          "subskills": [
            "Experiment with using everyday objects as art supplies",
            "Learn to embrace limitations as catalysts for innovation",
            "Practice creating art under time or material constraints",
            "Explore alternative techniques to overcome resource scarcity",
            "Reflect on how constraints can spark unique creative solutions",
            "Challenge yourself to produce quality work with minimal tools"
          ]
        }
      },
      {
        "id": "Understanding How Ideas Spread",
        "data": {
          "label": "Understanding How Ideas Spread",
          "level": "Level 2",
          "subskills": [
            "Study the fundamentals of memetics and viral trends",
            "Learn how social media and word-of-mouth influence creativity",
            "Analyze case studies of ideas that gained widespread traction",
            "Practice identifying patterns in how information flows through networks",
            "Engage with diverse communities to see different idea-sharing styles",
            "Reflect on how your own ideas have been received and shared"
          ]
        }
      },
      {
        "id": "Storytelling & Engaging an Audience",
        "data": {
          "label": "Storytelling & Engaging an Audience",
          "level": "Level 3",
          "subskills": [
            "Learn narrative structures and the elements of compelling stories",
            "Practice weaving personal anecdotes into engaging tales",
            "Develop techniques to capture and maintain audience interest",
            "Experiment with pacing, tone, and voice to enhance your story",
            "Use feedback to refine your storytelling skills",
            "Reflect on successful storytellers and analyze their methods"
          ]
        }
      },
      {
        "id": "Thinking in Metaphors & Symbols",
        "data": {
          "label": "Thinking in Metaphors & Symbols",
          "level": "Level 3",
          "subskills": [
            "Study common metaphors and symbolic language across cultures",
            "Practice creating your own metaphors to explain complex ideas",
            "Learn to see connections between unrelated concepts",
            "Experiment with visual symbols in your creative projects",
            "Reflect on how metaphor transforms abstract ideas into relatable imagery",
            "Engage in exercises that expand your symbolic vocabulary"
          ]
        }
      },
      {
        "id": "Flipping Perspectives to Unlock Creativity",
        "data": {
          "label": "Flipping Perspectives to Unlock Creativity",
          "level": "Level 3",
          "subskills": [
            "Practice viewing challenges from multiple viewpoints",
            "Engage in brainstorming sessions that encourage lateral thinking",
            "Learn to question assumptions and challenge the status quo",
            "Experiment with inversion techniques to see problems in reverse",
            "Reflect on past experiences where a change in perspective led to breakthroughs",
            "Utilize mind maps to explore alternative angles of a concept"
          ]
        }
      },
      {
        "id": "Multidisciplinary Creativity (Combining Arts & Logic)",
        "data": {
          "label": "Multidisciplinary Creativity (Combining Arts & Logic)",
          "level": "Level 4",
          "subskills": [
            "Explore the intersection between artistic expression and analytical thinking",
            "Practice integrating techniques from various disciplines into a cohesive project",
            "Learn to appreciate the value of both creativity and logic in problem-solving",
            "Experiment with projects that require both technical skill and artistic flair",
            "Reflect on case studies where multidisciplinary approaches yielded innovative results",
            "Engage with experts from diverse fields to broaden your creative toolkit"
          ]
        }
      },
      {
        "id": "Using Emotions to Strengthen Artistic Expression",
        "data": {
          "label": "Using Emotions to Strengthen Artistic Expression",
          "level": "Level 4",
          "subskills": [
            "Develop the ability to channel personal emotions into your work",
            "Practice techniques that evoke and convey specific moods",
            "Experiment with color, tone, and rhythm to express feelings",
            "Learn how to balance raw emotion with technical execution",
            "Reflect on how different emotions influence creative output",
            "Engage in exercises that connect physical sensations with artistic choices"
          ]
        }
      },
      {
        "id": "Creating an Artistic Identity",
        "data": {
          "label": "Creating an Artistic Identity",
          "level": "Level 4",
          "subskills": [
            "Define your personal style and creative vision",
            "Experiment with various mediums to discover your unique voice",
            "Develop a portfolio that reflects your artistic evolution",
            "Learn to articulate the principles behind your creative choices",
            "Engage in self-reflection to refine your artistic identity",
            "Seek feedback from peers and mentors to solidify your style"
          ]
        }
      },
      {
        "id": "Mastering Play & Experimentation",
        "data": {
          "label": "Mastering Play & Experimentation",
          "level": "Level 5",
          "subskills": [
            "Embrace play as a vital component of creativity",
            "Experiment with unstructured, playful creative sessions",
            "Learn to let go of fear and embrace the unexpected",
            "Engage in improvisational activities to spark innovation",
            "Reflect on the role of spontaneity in generating novel ideas",
            "Cultivate an environment that encourages risk-taking and experimentation"
          ]
        }
      },
      {
        "id": "Abstract Thinking Applied to Real-World Problems",
        "data": {
          "label": "Abstract Thinking Applied to Real-World Problems",
          "level": "Level 5",
          "subskills": [
            "Develop techniques for translating abstract concepts into practical solutions",
            "Practice modeling complex problems using creative frameworks",
            "Learn to identify underlying patterns and structures in real-world challenges",
            "Engage in exercises that bridge theory and practice",
            "Reflect on examples where abstract ideas led to breakthrough innovations",
            "Experiment with cross-disciplinary approaches to problem solving"
          ]
        }
      },
      {
        "id": "Building a Personal Creative Ecosystem",
        "data": {
          "label": "Building a Personal Creative Ecosystem",
          "level": "Level 5",
          "subskills": [
            "Develop a network of diverse influences and resources",
            "Cultivate relationships with mentors, peers, and collaborators",
            "Learn to integrate various creative tools and methodologies",
            "Experiment with systems that nurture ongoing creative growth",
            "Reflect on your creative journey to identify key components of your ecosystem",
            "Plan and organize spaces—physical or digital—that inspire creativity"
          ]
        }
      }
    ],
    "edges": [
      {
        "id": "e1",
        "source": "Freewriting & Brainstorming Under Pressure",
        "target": "Finding Inspiration in Everyday Life"
      },
      {
        "id": "e2",
        "source": "Finding Inspiration in Everyday Life",
        "target": "Sketching from Memory"
      },
      {
        "id": "e3",
        "source": "Freewriting & Brainstorming Under Pressure",
        "target": "Sketching from Memory"
      },
      {
        "id": "e4",
        "source": "Sketching from Memory",
        "target": "Improvised Dance & Movement"
      },
      {
        "id": "e5",
        "source": "Improvised Dance & Movement",
        "target": "Creative Constraints (Making Art with Limited Tools)"
      },
      {
        "id": "e6",
        "source": "Creative Constraints (Making Art with Limited Tools)",
        "target": "Understanding How Ideas Spread"
      },
      {
        "id": "e7",
        "source": "Understanding How Ideas Spread",
        "target": "Storytelling & Engaging an Audience"
      },
      {
        "id": "e8",
        "source": "Creative Constraints (Making Art with Limited Tools)",
        "target": "Storytelling & Engaging an Audience"
      },
      {
        "id": "e9",
        "source": "Storytelling & Engaging an Audience",
        "target": "Thinking in Metaphors & Symbols"
      },
      {
        "id": "e10",
        "source": "Thinking in Metaphors & Symbols",
        "target": "Flipping Perspectives to Unlock Creativity"
      },
      {
        "id": "e11",
        "source": "Storytelling & Engaging an Audience",
        "target": "Flipping Perspectives to Unlock Creativity"
      },
      {
        "id": "e12",
        "source": "Flipping Perspectives to Unlock Creativity",
        "target": "Multidisciplinary Creativity (Combining Arts & Logic)"
      },
      {
        "id": "e13",
        "source": "Multidisciplinary Creativity (Combining Arts & Logic)",
        "target": "Using Emotions to Strengthen Artistic Expression"
      },
      {
        "id": "e14",
        "source": "Using Emotions to Strengthen Artistic Expression",
        "target": "Creating an Artistic Identity"
      },
      {
        "id": "e15",
        "source": "Creating an Artistic Identity",
        "target": "Mastering Play & Experimentation"
      },
      {
        "id": "e16",
        "source": "Mastering Play & Experimentation",
        "target": "Abstract Thinking Applied to Real-World Problems"
      },
      {
        "id": "e17",
        "source": "Abstract Thinking Applied to Real-World Problems",
        "target": "Building a Personal Creative Ecosystem"
      },
      {
        "id": "e18",
        "source": "Mastering Play & Experimentation",
        "target": "Building a Personal Creative Ecosystem"
      }
    ]
  }
}
